1/1,LUCKYLAND PLAYINGCARDS NT,12.34
1/1,LUCKYLAND PLAYINGCARDS NT,34.21
1/1,LUCKYLAND PLAYINGCARDS NT,23.33
1/1,LUCKYLAND PLAYINGCARDS NT,21.12
1/1,LUCKYLAND PLAYINGCARDS NT,11.11
1/1,LUCKYLAND PLAYINGCARDS NT,3.14
1/1,LUCKYLAND PLAYINGCARDS NT,12.25
1/1,LUCKYLAND PLAYINGCARDS NT,32.23
1/1,LUCKYLAND PLAYINGCARDS NT,3.22
1/1,LUCKYLAND PLAYINGCARDS NT,11.23
1/1,LUCKYLAND PLAYINGCARDS NT,12.34
1/1,LUCKYLAND PLAYINGCARDS NT,34.21
1/1,LUCKYLAND PLAYINGCARDS NT,23.33
1/1,LUCKYLAND PLAYINGCARDS NT,21.12
1/1,LUCKYLAND PLAYINGCARDS NT,11.11
1/1,LUCKYLAND PLAYINGCARDS NT,3.14
1/1,LUCKYLAND PLAYINGCARDS NT,12.25
1/1,LUCKYLAND PLAYINGCARDS NT,32.23
1/1,LUCKYLAND PLAYINGCARDS NT,23.11
1/1,LUCKYLAND PLAYINGCARDS NT,23.23
Total,->,360.25
